{
  "dataset": "nq",
  "n_queries": 3452,
  "rankers": {
    "BGE": {
      "R@100": 0.926757435303206,
      "R@10": 0.7230590961761297,
      "AP": 0.44362254284476843,
      "RR@10": 0.459592782651878,
      "nDCG@20": 0.5339706150039261,
      "nDCG@10": 0.5105765893007717,
      "nDCG@5": 0.46785721677030484,
      "n_queries": 3452
    },
    "BM25": {
      "R@100": 0.7497103128621091,
      "R@10": 0.4737350328312089,
      "AP": 0.2568981299639944,
      "RR@10": 0.2623917121889314,
      "nDCG@20": 0.331639915487724,
      "nDCG@10": 0.30435192491253665,
      "nDCG@5": 0.2653359111487722,
      "n_queries": 3452
    },
    "BM25_MonoT5": {
      "R@100": 0.7386539204325995,
      "R@10": 0.6685496330629587,
      "AP": 0.4605779788703732,
      "RR@10": 0.48204698449484,
      "nDCG@20": 0.52713163486947,
      "nDCG@10": 0.5152697219949182,
      "nDCG@5": 0.4900295401893085,
      "n_queries": 3452
    },
    "BM25_TCT": {
      "R@100": 0.7386539204325995,
      "R@10": 0.19710795674005407,
      "AP": 0.08118917679454021,
      "RR@10": 0.06428031139068202,
      "nDCG@20": 0.13710730439243388,
      "nDCG@10": 0.09193169313636669,
      "nDCG@5": 0.05969331833222588,
      "n_queries": 3452
    },
    "Splade": {
      "R@100": 0.9296301660872923,
      "R@10": 0.7389918887601389,
      "AP": 0.4731178280260275,
      "RR@10": 0.4876000110357004,
      "nDCG@20": 0.5608692758658368,
      "nDCG@10": 0.5372969482506936,
      "nDCG@5": 0.49985956004881305,
      "n_queries": 3452
    }
  },
  "beir_comparison": [
    {
      "Ranker": "BGE",
      "Category": "Dense",
      "Our nDCG@10": 0.5105765893007717,
      "BEIR Comparable": "TAS-B",
      "BEIR nDCG@10": 0.463,
      "Difference": "+10.28%",
      "In-Domain\u2020": "\u2020"
    },
    {
      "Ranker": "BM25",
      "Category": "Lexical",
      "Our nDCG@10": 0.30435192491253665,
      "BEIR Comparable": "BM25",
      "BEIR nDCG@10": 0.329,
      "Difference": "-7.49%",
      "In-Domain\u2020": ""
    },
    {
      "Ranker": "BM25_MonoT5",
      "Category": "Two-Stage (Re-rank)",
      "Our nDCG@10": 0.5152697219949182,
      "BEIR Comparable": "BM25+CE",
      "BEIR nDCG@10": 0.533,
      "Difference": "-3.33%",
      "In-Domain\u2020": "\u2020"
    },
    {
      "Ranker": "BM25_TCT",
      "Category": "Two-Stage (Re-rank)",
      "Our nDCG@10": 0.09193169313636669,
      "BEIR Comparable": "ColBERT",
      "BEIR nDCG@10": 0.524,
      "Difference": "-82.46%",
      "In-Domain\u2020": ""
    },
    {
      "Ranker": "Splade",
      "Category": "Sparse (Learned)",
      "Our nDCG@10": 0.5372969482506936,
      "BEIR Comparable": "docT5query",
      "BEIR nDCG@10": 0.399,
      "Difference": "+34.66%",
      "In-Domain\u2020": ""
    }
  ]
}