{
  "BGE": {
    "RR@10": 0.7874420436641889,
    "R@100": 0.7942606347062795,
    "nDCG@20": 0.6694163334263299,
    "nDCG@10": 0.6578970360976382,
    "nDCG@5": 0.6398853972707024,
    "R@10": 0.6867656988521269,
    "n_queries": 7405
  },
  "BM25": {
    "RR@10": 0.7505263496350568,
    "R@100": 0.7700877785280216,
    "nDCG@20": 0.6022925722658257,
    "nDCG@10": 0.5857809644472127,
    "nDCG@5": 0.5618342218861928,
    "R@10": 0.6160702228224173,
    "n_queries": 7405
  },
  "BM25_MonoT5": {
    "RR@10": 0.8797109417703591,
    "R@100": 0.7700877785280216,
    "nDCG@20": 0.7206292737839283,
    "nDCG@10": 0.713575106571792,
    "nDCG@5": 0.697969731851404,
    "R@10": 0.7235651586765699,
    "n_queries": 7405
  },
  "BM25_TCT": {
    "RR@10": 0.7862377951405622,
    "R@100": 0.7700877785280216,
    "nDCG@20": 0.6268788206619383,
    "nDCG@10": 0.611745478712049,
    "nDCG@5": 0.5890809451720751,
    "R@10": 0.6325455773126266,
    "n_queries": 7405
  },
  "Splade": {
    "RR@10": 0.8655188471967669,
    "R@100": 0.8176907494935854,
    "nDCG@20": 0.699725228331897,
    "nDCG@10": 0.6868402219322775,
    "nDCG@5": 0.6676021023270751,
    "R@10": 0.7027683997299122,
    "n_queries": 7405
  }
}