{
  "BGE": {
    "nDCG@5": 0.46785721677030484,
    "RR@10": 0.459592782651878,
    "nDCG@10": 0.5105765893007717,
    "R@10": 0.7230590961761297,
    "R@100": 0.926757435303206,
    "nDCG@20": 0.5339706150039261,
    "n_queries": 3452
  },
  "BM25": {
    "nDCG@5": 0.2653359111487722,
    "RR@10": 0.2623917121889314,
    "nDCG@10": 0.30435192491253665,
    "R@10": 0.4737350328312089,
    "R@100": 0.7497103128621091,
    "nDCG@20": 0.331639915487724,
    "n_queries": 3452
  },
  "BM25_MonoT5": {
    "nDCG@5": 0.4900295401893085,
    "RR@10": 0.48204698449484,
    "nDCG@10": 0.5152697219949182,
    "R@10": 0.6685496330629587,
    "R@100": 0.7386539204325995,
    "nDCG@20": 0.52713163486947,
    "n_queries": 3452
  },
  "Splade": {
    "nDCG@5": 0.49985956004881305,
    "RR@10": 0.4876000110357004,
    "nDCG@10": 0.5372969482506936,
    "R@10": 0.7389918887601389,
    "R@100": 0.9296301660872923,
    "nDCG@20": 0.5608692758658368,
    "n_queries": 3452
  }
}