{
  "BGE": {
    "R@10": 0.7230590961761297,
    "nDCG@20": 0.5339706150039261,
    "nDCG@5": 0.46785721677030484,
    "nDCG@10": 0.5105765893007717,
    "R@100": 0.926757435303206,
    "RR@10": 0.459592782651878,
    "n_queries": 3452
  },
  "BM25": {
    "R@10": 0.4737350328312089,
    "nDCG@20": 0.331639915487724,
    "nDCG@5": 0.2653359111487722,
    "nDCG@10": 0.30435192491253665,
    "R@100": 0.7497103128621091,
    "RR@10": 0.2623917121889314,
    "n_queries": 3452
  },
  "BM25_MonoT5": {
    "R@10": 0.6741502510621862,
    "nDCG@20": 0.5302936194793221,
    "nDCG@5": 0.4925456359149855,
    "nDCG@10": 0.5180086213543544,
    "R@100": 0.7497103128621091,
    "RR@10": 0.48361876712832613,
    "n_queries": 3452
  },
  "BM25_TCT": {
    "R@10": 0.6374324063344922,
    "nDCG@20": 0.4748171858424014,
    "nDCG@5": 0.4281806407042121,
    "nDCG@10": 0.46054570164526626,
    "R@100": 0.7497103128621091,
    "RR@10": 0.42021625374753957,
    "n_queries": 3452
  },
  "Splade": {
    "R@10": 0.7389918887601389,
    "nDCG@20": 0.5608692758658368,
    "nDCG@5": 0.49985956004881305,
    "nDCG@10": 0.5372969482506936,
    "R@100": 0.9296301660872923,
    "RR@10": 0.4876000110357004,
    "n_queries": 3452
  }
}